{"intents": [
        {"tag": "greeting",
         "patterns": ["Hi there", "How are you", "Is anyone there?","Hey","Hola", "Hello", "Good day"],
         "responses": ["Hello, thanks for asking", "Good to see you again", "Hi there, how can I help?"],
         "context": [""]
        },
        {"tag": "goodbye",
         "patterns": ["Bye", "See you later", "Goodbye", "Nice chatting to you, bye", "Till next time"],
         "responses": ["See you!", "Have a nice day", "Bye! Come back again soon."],
         "context": [""]
        },
        {"tag": "thanks",
         "patterns": ["Thanks", "Thank you", "That's helpful", "Awesome, thanks", "Thanks for helping me"],
         "responses": ["Happy to help!", "Any time!", "My pleasure"],
         "context": [""]
        },
        {"tag": "noanswer",
         "patterns": [],
         "responses": ["Sorry, can't understand you", "Please give me more info", "Not sure I understand"],
         "context": [""]
        },
        {"tag": "options",
         "patterns": ["How you could help me?", "What you can do?", "What help you provide?", "How you can be helpful?", "What support is offered"],
         "responses": ["I can guide you through Adverse drug reaction list, Blood pressure tracking, Blood sugar tracking, Hospitals and Pharmacies", "Offering support for Adverse drug reaction, Blood pressure, Hospitals and Pharmacies"],
         "context": [""]
        },

        {"tag": "Slurred_speech",
         "patterns": ["Speak indistinctly"],
         "responses": ["Get Consultation Online with Dr. Amarpreet. \n Please Visit : https://www.practo.com/delhi/doctor/amarpreet-singh-riar-general-physician?specialization=General%20Physician&practice_id=1026302"],
         "context": [""]
        },
        
        {"tag": "pain_behind_eyes",
        "patterns": ["Eye pain"],
        "responses": ["Get Consultation Online with Dr. Anirban. \n Please Visit : https://www.practo.com/delhi/doctor/anirban-biswas-diabetologist?specialization=General%20Physician&practice_id=789800"],
        "context": [""]
       },
       {"tag": "breathlessness",
         "patterns": ["Heart attack"],
         "responses": ["Get Consultation Online with Dr. Vineet. \n Please Visit : https://www.practo.com/delhi/doctor/vineet-narula-ear-nose-throat-ent-specialist-1?specialization=Ear-Nose-Throat%20(ENT)%20Specialist&practice_id=1107540"],
         "context": [""]
        },

        {"tag": "diarrhoea",
         "patterns": ["Typhoid","Abdominal_pain"],
         "responses": ["Get Consultation Online with Dr. Shruti. \n Please Visit : https://www.practo.com/delhi/doctor/shruti-gupta-dermatologist?specialization=Dermatologist&practice_id=1009300"],
         "context": [""]
        },

        {"tag": "weight_loss",
         "patterns": ["vomiting", "fatigue","yellowish_skin"],
         "responses": ["Get Consultation Online with Dr. Sugeeta. \n Please Visit : https://www.practo.com/delhi/doctor/sugeeta-mutreja-dietitian-nutritionist?specialization=Ayurveda&practice_id=1010860"],
         "context": [""]
        },
        {"tag": "nodal_skin_eruptions",
         "patterns": ["itching", "skin_rash"],
         "responses": ["Get Consultation Online with Dr. Vidit. \n Please Visit : https://www.practo.com/delhi/doctor/dr-vidit-tripathi-ear-nose-throat-ent-specialist-3?specialization=Ear-Nose-Throat%20(ENT)%20Specialist&practice_id=736234"],
         "context": [""]
        },
        {"tag": "shivering",
         "patterns": ["Allergy","watering from eyes"],
         "responses": ["Get Consultation Online with Dr. Mansi. \n Please Visit : https://www.practo.com/delhi/doctor/dr-mansi-arya-bhardwaj-homeopath?specialization=Homoeopath&practice_id=786334"],
         "context": [""]
        },

        {"tag": "lack_of_concentration",
         "patterns": ["Hypertension","chest_pain","lack_of_concentration"],
         "responses": ["Get Consultation Online with Dr. S.K Singh. \n Please Visit : https://www.practo.com/delhi/doctor/dr-s-k-singh-ayurveda?specialization=Ayurveda&practice_id=725617"],
         "context": [""]
        },
        {"tag": "patches_in_throat",
         "patterns": ["AIDS"],
         "responses": ["Get Consultation Online with Dr. Throats. \n Please Visit : https://www.practo.com/delhi/doctor/dr-54-general-physician-1?specialization=General%20Physician&practice_id=1071396"],
         "context": [""]
        },
        {"tag": "muscle_pain",
         "patterns": ["muscle_pain", "mild fever"],
         "responses": ["Get Consultation Online with Dr. Gayatri. \n Please Visit : https://www.practo.com/delhi/doctor/dr-gayatri-bala-juneja-gynecologist-obstetrician-2?specialization=Gynecologist/Obstetrician&practice_id=1010694"],
         "context": [""]
        },
        {"tag": "muscle_weakness",
         "patterns": ["Arthritis"],
         "responses": ["Get Consultation Online with Dr. Sunil. \n Please Visit : https://www.practo.com/delhi/doctor/dr-sunil-kumar-dwivedi-homeopath?specialization=Homoeopath&practice_id=654411"],
         "context": [""]
        },
        {"tag": "abnormal_menstruation",
         "patterns": ["Hypothyroidism"],
         "responses": ["Get Consultation Online with Dr. Vijay. \n Please Visit : https://www.practo.com/delhi/doctor/dr-vijay-abbot-sexologist?specialization=Ayurveda&practice_id=688515"],
         "context": [""]
        },
        {"tag": "Diabetes",
         "patterns": ["increased_appetite"],
         "responses": ["Get Consultation Online with Dr. Anshul. \n Please Visit : https://www.practo.com/delhi/doctor/dr-anshul-gupta-ear-nose-throat-ent-specialist-1?specialization=Ear-Nose-Throat%20(ENT)%20Specialist&practice_id=712546"],
         "context": [""]
        },
        {"tag": "red_spot_over_body",
         "patterns": ["Chicken Pox","High_Fever","Headache"],
         "responses": ["Get Consultation Online with Dr. Inderjit. \n Please Visit : https://www.practo.com/delhi/doctor/inderjeet-singh-ayurveda-sexologist?specialization=Homoeopath&practice_id=1219975"],
         "context": [""]
        },
        {"tag": "adverse_drug",
         "patterns": ["How to check Adverse drug reaction?", "Open adverse drugs module", "Give me a list of drugs causing adverse behavior", "List all drugs suitable for patient with adverse reaction", "Which drugs dont have adverse reaction?" ],
         "responses": ["Navigating to Adverse drug reaction module"],
         "context": [""]
        },
        {"tag": "blood_pressure",
         "patterns": ["Open blood pressure module", "Task related to blood pressure", "Blood pressure data entry", "I want to log blood pressure results", "Blood pressure data management" ],
         "responses": ["Navigating to Blood Pressure module"],
         "context": [""]
        },
        {"tag": "blood_pressure_search",
         "patterns": ["I want to search for blood pressure result history", "Blood pressure for patient", "Load patient blood pressure result", "Show blood pressure results for patient", "Find blood pressure results by ID" ],
         "responses": ["Please provide Patient ID", "Patient ID?"],
         "context": ["search_blood_pressure_by_patient_id"]
        },
        {"tag": "search_blood_pressure_by_patient_id",
         "patterns": [],
         "responses": ["Loading Blood pressure result for Patient"],
         "context": [""]
        },
        {"tag": "pharmacy_search",
         "patterns": ["Find me a pharmacy", "Find pharmacy", "List of pharmacies nearby", "Locate pharmacy", "Search pharmacy" ],
         "responses": ["Please provide pharmacy name"],
         "context": ["search_pharmacy_by_name"]
        },
        {"tag": "search_pharmacy_by_name",
         "patterns": [],
         "responses": ["Loading pharmacy details"],
         "context": [""]
        },
        {"tag": "hospital_search",
         "patterns": ["Lookup for hospital", "Searching for hospital to transfer patient", "I want to search hospital data", "Hospital lookup for patient", "Looking up hospital details" ],
         "responses": ["Please provide hospital name or location"],
         "context": ["search_hospital_by_params"]
        },
        {"tag": "search_hospital_by_params",
         "patterns": [],
         "responses": ["Please provide hospital type"],
         "context": ["search_hospital_by_type"]
        },
        {"tag": "search_hospital_by_type",
         "patterns": [],
         "responses": ["Loading hospital details"],
         "context": [""]
        }
   ]
}